{"acc_train": 0.42434999999999995, "acc_tst": 0.6782, "Loss_train": 1.950998216867447, "loss_val": 1.9585930109024048, "_runtime": 13, "_timestamp": 1641464310, "_step": 0, "_wandb": {"runtime": 35}}