{"acc_train": 0.42434999999999995, "acc_tst": 0.6782, "Loss_train": 1.950998216867447, "loss_val": 1.9585930109024048, "_runtime": 26, "_timestamp": 1641466676, "_step": 1, "Intermediate Representation": {"_type": "image-file", "path": "media/images/Intermediate Representation_1_25b6ad66f03efdf3822e.png", "sha256": "25b6ad66f03efdf3822ec16327991c27205d39e066cb07e76e68641c0c5ebfa1", "size": 1299, "format": "png", "width": 112, "height": 14}, "_wandb": {"runtime": 26}}