{"train_loss": 0.07287078350782394, "train_acc": 0.9677419066429138, "epoch": 9, "trainer/global_step": 6449, "_runtime": 98, "_timestamp": 1641479496, "_step": 128, "_wandb": {"runtime": 98}}