{"Intermediate Representation": {"_type": "image-file", "path": "media/images/Intermediate Representation_74_32ea15699d7fd7dd4a66.png", "sha256": "32ea15699d7fd7dd4a661f0a7a60d8fda1af3ff3559b0ec5d731292bbf71aba7", "size": 11458, "format": "png", "width": 1600, "height": 200}, "_runtime": 107, "_timestamp": 1641481062, "_step": 74, "Intermediate Distribution": {"_type": "image-file", "path": "media/images/Intermediate Distribution_45_8a5570ee7a111e500e59.png", "sha256": "8a5570ee7a111e500e59467fc5e2abc894041f8e825c9e299f507a5bd5a6f8ad", "size": 280204, "format": "png", "width": 800, "height": 800}, "train_loss": 0.04429534077644348, "train_acc": 0.9838709831237793, "epoch": 4, "trainer/global_step": 3199, "val_loss": 0.09291129559278488, "val_acc": 0.9678000211715698, "_wandb": {"runtime": 109}}