{"Intermediate Representation": {"_type": "image-file", "path": "media/images/Intermediate Representation_134_0253eeabd3da1a8b5e0c.png", "sha256": "0253eeabd3da1a8b5e0c00d34f05048475e953b263aecce848575eebf9e77908", "size": 11824, "format": "png", "width": 1600, "height": 200}, "_runtime": 251, "_timestamp": 1641996982, "_step": 150, "Intermediate Distribution": {"_type": "image-file", "path": "media/images/Intermediate Distribution_135_f13ef13602bb6d694b9c.png", "sha256": "f13ef13602bb6d694b9cc351f7f49ffc011d6a47554483d4ed910d92fe2a6bb6", "size": 285079, "format": "png", "width": 800, "height": 800}, "train_loss": 0.015046600252389908, "train_acc": 1.0, "epoch": 9, "trainer/global_step": 6459, "val_loss": 0.10689809918403625, "val_acc": 0.9679999947547913, "_wandb": {"runtime": 251}}