{"Intermediate Representation": {"_type": "image-file", "path": "media/images/Intermediate Representation_134_3820e903a7501339b7f4.png", "sha256": "3820e903a7501339b7f40ae9eaa8dddcf6c7e35df2192f33b1acd631d8fa7b9a", "size": 12057, "format": "png", "width": 1600, "height": 200}, "_runtime": 202, "_timestamp": 1641482000, "_step": 150, "Intermediate Distribution": {"_type": "image-file", "path": "media/images/Intermediate Distribution_135_66c2672c26d1d03c1735.png", "sha256": "66c2672c26d1d03c1735f8076dd38d4bbf2655eba5b333fe81328d3c392b0344", "size": 285065, "format": "png", "width": 800, "height": 800}, "train_loss": 0.015154551714658737, "train_acc": 1.0, "epoch": 9, "trainer/global_step": 6459, "val_loss": 0.10238689929246902, "val_acc": 0.9714000225067139, "_wandb": {"runtime": 202}}